{"cameraMode":{"drawMode":0,"name":"Shaded","section":"Shading Mode"},"sceneLighting":true,"audioPlay":false,"sceneViewState":{"m_AlwaysRefresh":false,"showFog":true,"showSkybox":true,"showFlares":true,"showImageEffects":true,"showParticleSystems":true,"showVisualEffectGraphs":true,"m_FxEnabled":true},"in2DMode":false,"pivot":{"x":1.1180241107940674,"y":2.2854323387145998,"z":-1.0243452787399293},"rotation":{"x":-0.31584596633911135,"y":0.6239019632339478,"z":-0.3047645390033722,"w":-0.6466174125671387},"size":0.9590961933135986,"orthographic":false}